{
    "name": "Aide Lua Pro",
    "description": "依赖 Aide ，使用 Lua 快速、高效开发的工具",
    "screenshot": [
        {
            "title": "Title",
            "summary": "Summary",
            "src": "img/template_screenshot.jpg"
        },
        {
            "title": "Title",
            "summary": "Summary",
            "src": "img/template_screenshot.jpg"
        },
        {
            "title": "Title",
            "summary": "Summary",
            "src": "img/template_screenshot.jpg"
        },
        {
            "title": "Title",
            "summary": "Summary",
            "src": "img/template_screenshot.jpg"
        }
    ],
    "developers": [
        {
            "name": "Eddie",
            "summary": "AideLua软件及网站开发",
            "avatar": "https://q1.qlogo.cn/headimg_dl?dst_uin=2140125724&spec=100"
        },
        {
            "name": "0047ol",
            "summary": "网站开发",
            "avatar": "https://q1.qlogo.cn/headimg_dl?dst_uin=2088343717&spec=100"
        }
    ],
    "contact": [
        {
            "title": "电子邮件",
            "icon": "mail",
            "href": "mailto:jesse205@qq.com",
            "tooltip": {
                "content": "邮箱：jesse205@qq.com"
            }
        },
        {
            "title": "QQ频道",
            "icon": "group",
            "href": "https://pd.qq.com/s/n51c4k",
            "tooltip": {
                "content": "频道号：t37c1u1nmw"
            }
        },
        {
            "title": "体验群",
            "icon": "group",
            "href": "https://jq.qq.com/?_wv=1027&k=aKHQdqlL",
            "tooltip": {
                "content": "群号：628045718"
            }
        },
        {
            "title": "内测群",
            "icon": "group",
            "href": "https://jq.qq.com/?_wv=1027&k=Zuzh1ypf",
            "tooltip": {
                "content": "群号：680850455"
            }
        }
    ],
    "links": [
        {
            "name": "Jesse205网站",
            "href": "https://jesse205.com"
        },
        {
            "name": "Aide Lua Wiki",
            "href": "https://jesse205.com"
        },
        {
            "name": "哈兔Box",
            "href": "https://jesse205.com"
        },
        {
            "name": "畅玩6X工具箱",
            "href": "https://jesse205.com"
        },
        {
            "name": "云储",
            "href": "https://jesse205.com"
        },
        {
            "name": "AIDE 高级设置版",
            "href": "https://jesse205.com"
        }
    ]
}